entry_id,field_path,old_file,old_line,old_code,old_desc,new_file,new_line,new_code,new_desc,reason
entry-00099,entry_point,packages/cli/src/workflows/workflows.controller.ts,539,	@Post('/:workflowId/run'),@Post('/:workflowId/run') 是 WorkflowsController 中工作流执行路由的装饰器，将对应控制器方法注册为可被低权限认证用户通过网络直接触达的 HTTP POST 端点。请求体携带的工作流节点参数（包含用户自定义的表达式字符串）由此处进入系统，并随调用链向下传递至表达式解析与沙箱求值子系统。在漏洞链路中，该端点是用户可控表达式从外部网络进入内部执行管道的最外层入口，决定了沙箱绕过攻击具备网络可达性。,packages/workflow/src/expression.ts,368-377,"	resolveSimpleParameterValue(
		parameterValue: NodeParameterValue,
		siblingParameters: INodeParameters,
		runExecutionData: IRunExecutionData | null,
		runIndex: number,
		itemIndex: number,
		activeNodeName: string,
		connectionInputData: INodeExecutionData[],
		mode: WorkflowExecuteMode,
		additionalKeys: IWorkflowDataProxyAdditionalKeys,",resolveSimpleParameterValue ??????????? parameterValue?????????????????????????? HTTP ???????????????????????????????????,HTTP ???????????????resolveSimpleParameterValue ???????????????????
entry-00099,critical_operation,packages/workflow/src/expression-sandboxing.ts,244,"export const PrototypeSanitizer: ASTAfterHook = (ast, dataNode) => {",PrototypeSanitizer 以 ASTAfterHook 接口实现，是表达式沙箱在编译阶段对抽象语法树执行后处理遍历的核心钩子函数，负责拦截危险属性访问节点（如对 .constructor 的引用）以阻止原型链操控。然而该函数缺少对 WithStatement 节点的访问处理器，导致 with 语句可将函数对象的 .constructor 悄然注入词法作用域，从而绕过现有防御。在漏洞链路中，PrototypeSanitizer 是沙箱逃逸的核心缺失点：整条链路的防御完整性依赖于此函数对所有危险 AST 节点类型的覆盖，而该遗漏使沙箱约束实质性失效。,packages/workflow/src/expression.ts,472,"			return evaluateExpression(expression, data);",renderExpression ???? evaluateExpression???? extendSyntax ???????????????????????? PrototypeSanitizer ? sanitizer ????????????????????????????????? sanitizer ??????????????,PrototypeSanitizer ????????????evaluateExpression ??????????????
entry-00099,trace,,,"[{""code"": ""\t@Post('/:workflowId/run')"", ""desc"": ""@Post('/:workflowId/run') 路由装饰器标志着调用栈中从 HTTP 请求层流向工作流执行管道的起始节点，即 caller 侧的入口。此步骤中，用户在节点参数里嵌入的表达式字符串以请求体的形式到达控制器方法，随后作为待处理参数向 callee 层——即表达式解析逻辑——继续传递。在漏洞链路中，trace 自此处发端，用户可控的恶意表达式正是从这一节点开始逐级流入求值沙箱。"", ""file"": ""packages/cli/src/workflows/workflows.controller.ts"", ""line"": 539}, {""code"": ""\t\tif (!isExpression(parameterValue)) {\n\t\t\t// Is no expression so return value\n\t\t\treturn parameterValue;\n\t\t}\n\n\t\t// Is an expression\n\n\t\t// Remove the equal sign\n\n\t\tparameterValue = parameterValue.substr(1);"", ""desc"": ""expression.ts 第 384–393 行通过 isExpression 检查确认 parameterValue 以等号开头后，调用 substr(1) 剥离前缀符号，将剩余字符串作为纯表达式内容向 callee 传递，完成从 caller 控制器入口到 tournamentEvaluator 求值器的中间转接。此步骤仅验证字符串格式标记，不对表达式内容做任何安全审查。在漏洞链路中，含有 with 语句或保留变量重声明的恶意字符串经此预处理后，随后被送入沙箱编译流程，是攻击载荷穿越预处理门控的关键转接点。"", ""file"": ""packages/workflow/src/expression.ts"", ""line"": ""384-393""}, {""code"": ""const tournamentEvaluator = new Tournament(errorHandler, undefined, undefined, {\n\tbefore: [ThisSanitizer],\n\tafter: [PrototypeSanitizer, DollarSignValidator],\n});"", ""desc"": ""expression-evaluator-proxy.ts 第 9–12 行构造了 tournamentEvaluator 实例，将 ThisSanitizer 注册为 AST 前置钩子，将 PrototypeSanitizer 与 DollarSignValidator 注册为后置钩子，确立了表达式求值管道的防御架构。在调用栈下游，所有运行时表达式求值均经由此代理实例执行。在漏洞链路中，PrototypeSanitizer 在此处被绑定入钩子列表，其缺少 WithStatement 处理器的缺陷随同整个钩子配置一起传递至每次表达式编译，使后续每次求值都在存在缺陷的防御结构下运行。"", ""file"": ""packages/workflow/src/expression-evaluator-proxy.ts"", ""line"": ""9-12""}, {""code"": ""export const PrototypeSanitizer: ASTAfterHook = (ast, dataNode) => {"", ""desc"": ""PrototypeSanitizer 函数体定义于 expression-sandboxing.ts 第 244 行，作为 ASTAfterHook 在 tournamentEvaluator 每次编译表达式后被调用，接收来自上层传递的 ast 与 dataNode 参数，对 AST 节点执行属性访问合法性遍历。在调用栈下游的终点，此函数承担着清理危险节点的最终职责；然而由于缺少 visitWithStatement 处理器，with 语句节点在遍历时被跳过而不做任何处置。在漏洞链路中，这是防御失效的终止点：沙箱核心约束在此因缺位的节点类型处理而失效，最终为任意代码执行打开通道。"", ""file"": ""packages/workflow/src/expression-sandboxing.ts"", ""line"": 244}]",,,,"[{""file"": ""packages/workflow/src/expression.ts"", ""line"": ""368-377"", ""code"": ""\tresolveSimpleParameterValue(\n\t\tparameterValue: NodeParameterValue,\n\t\tsiblingParameters: INodeParameters,\n\t\trunExecutionData: IRunExecutionData | null,\n\t\trunIndex: number,\n\t\titemIndex: number,\n\t\tactiveNodeName: string,\n\t\tconnectionInputData: INodeExecutionData[],\n\t\tmode: WorkflowExecuteMode,\n\t\tadditionalKeys: IWorkflowDataProxyAdditionalKeys,"", ""desc"": ""resolveSimpleParameterValue ??????????? parameterValue?????????????????????????? HTTP ???????????????????????????????????""}, {""file"": ""packages/workflow/src/expression.ts"", ""line"": ""384-393"", ""code"": ""\t\tif (!isExpression(parameterValue)) {\n\t\t\t// Is no expression so return value\n\t\t\treturn parameterValue;\n\t\t}\n\n\t\t// Is an expression\n\n\t\t// Remove the equal sign\n\n\t\tparameterValue = parameterValue.substr(1);"", ""desc"": ""????? parameterValue ????????????? substr(1) ?????????????????????? with ????????????????????????????""}, {""file"": ""packages/workflow/src/expression.ts"", ""line"": ""452-453"", ""code"": ""\t\tconst extendedExpression = extendSyntax(parameterValue);\n\t\tconst returnValue = this.renderExpression(extendedExpression, data);"", ""desc"": ""extendSyntax ??????? AST ?????????????? renderExpression ??????????????????????????????????""}, {""file"": ""packages/workflow/src/expression-evaluator-proxy.ts"", ""line"": ""9-12"", ""code"": ""const tournamentEvaluator = new Tournament(errorHandler, undefined, undefined, {\n\tbefore: [ThisSanitizer],\n\tafter: [PrototypeSanitizer, DollarSignValidator],\n});"", ""desc"": ""tournamentEvaluator ?? ThisSanitizer?PrototypeSanitizer ? DollarSignValidator????????????????????PrototypeSanitizer ???????????????????""}, {""file"": ""packages/workflow/src/expression-sandboxing.ts"", ""line"": 244, ""code"": ""export const PrototypeSanitizer: ASTAfterHook = (ast, dataNode) => {"", ""desc"": ""PrototypeSanitizer ??????? AST ???????????????????????? WithStatement ????????????????????????????????????????????""}, {""file"": ""packages/workflow/src/expression.ts"", ""line"": ""470-472"", ""code"": ""\tprivate renderExpression(expression: string, data: IWorkflowDataProxyData) {\n\t\ttry {\n\t\t\treturn evaluateExpression(expression, data);"", ""desc"": ""renderExpression ?????????????????????? evaluateExpression ??????????????????????????????????""}]",,???????????AST ??????????????
entry-00100,critical_operation,packages/workflow/src/expression-sandboxing.ts,330-336,"export const sanitizer = (value: unknown): unknown => {
	const propertyKey = String(value);
	if (!isSafeObjectProperty(propertyKey)) {
		throw new ExpressionError(`Cannot access ""${propertyKey}"" due to security concerns`);
	}
	return propertyKey;
};",sanitizer 是运行时属性键安全检查的核心实现：将传入值转为字符串后交由 isSafeObjectProperty 验证，若属性名属于危险范畴则抛出 ExpressionError 阻断访问。在漏洞链路中，此函数是防止通过属性链访问 constructor 等危险对象的最终防线，但当表达式用局部常量声明将 __sanitize 绑定遮蔽后，此函数不再被调用，保护机制因此完全失效。,packages/workflow/src/expression.ts,472,"			return evaluateExpression(expression, data);",renderExpression ???? evaluateExpression???? extendSyntax ???????????????????????? PrototypeSanitizer ? sanitizer ????????????????????????????????? sanitizer ??????????????,sanitizer ??????????????evaluateExpression ??? RCE/sandbox escape ???????
entry-00100,trace,,,"[{""code"": ""\tresolveSimpleParameterValue(\n\t\tparameterValue: NodeParameterValue,\n\t\tsiblingParameters: INodeParameters,\n\t\trunExecutionData: IRunExecutionData | null,\n\t\trunIndex: number,\n\t\titemIndex: number,\n\t\tactiveNodeName: string,\n\t\tconnectionInputData: INodeExecutionData[],\n\t\tmode: WorkflowExecuteMode,\n\t\tadditionalKeys: IWorkflowDataProxyAdditionalKeys,"", ""desc"": ""resolveSimpleParameterValue 的形参列表横跨多行，接收求值所需的全部运行时上下文：parameterValue 携带用户表达式，additionalKeys 等参数补充工作流状态。此段是从上游调用方（工作流执行引擎）流向本方法内部处理逻辑的入口截面，parameterValue 在此作为不可信输入首次出现在参数位置，随后将在方法体内被传入 extendSyntax 和 renderExpression 进行求值。"", ""file"": ""packages/workflow/src/expression.ts"", ""line"": ""368-377""}, {""code"": ""\t\tObject.defineProperty(data, sanitizerName, {\n\t\t\tvalue: sanitizer,\n\t\t\twritable: false,\n\t\t\tconfigurable: false,\n\t\t});"", ""desc"": ""Object.defineProperty 以 writable:false、configurable:false 将 sanitizer 函数写入数据对象 data 的 sanitizerName（即 '__sanitize'）键下，意图在编译后的函数作用域内固化保护引用。在调用栈下游，此步骤是沙箱防护机制的装配点；然而当表达式通过 const ___n8n_data 声明局部变量遮蔽 data 对象本身时，这里写入的保护引用对遮蔽后的局部作用域不再可见，防御随之失效。"", ""file"": ""packages/workflow/src/expression.ts"", ""line"": ""434-438""}, {""code"": ""\t\tconst extendedExpression = extendSyntax(parameterValue);\n\t\tconst returnValue = this.renderExpression(extendedExpression, data);"", ""desc"": ""extendSyntax 将用户表达式的原始字符串改写为经过 AST 转换的安全版本，在属性访问点插入 sanitizer 调用；随后 renderExpression 将转换结果与携带 sanitizer 引用的 data 对象绑定，编译并执行最终表达式。此步是从参数准备阶段流向代码执行阶段的关键转折，若上游的遮蔽或注入已破坏 sanitizer 绑定，恶意代码将在此处以沙箱名义获得实际的运行机会。"", ""file"": ""packages/workflow/src/expression.ts"", ""line"": ""452-453""}, {""code"": ""export const sanitizerName = '__sanitize';\nconst sanitizerIdentifier = b.identifier(sanitizerName);"", ""desc"": ""sanitizerName 被声明为字符串常量 '__sanitize'，同时 sanitizerIdentifier 将其封装为 AST 标识符节点，供语法改写阶段在属性访问表达式中插入调用占位符。在漏洞链路中，此处固定的字符串名称是保护机制的命名锚点：正是因为此键名在模块加载时已公开确定，表达式才能用同名局部常量精确遮蔽 data 对象上的 sanitizer 绑定，从而在调用栈下游绕过运行时属性检查。"", ""file"": ""packages/workflow/src/expression-sandboxing.ts"", ""line"": ""11-12""}, {""code"": ""export const sanitizer = (value: unknown): unknown => {\n\tconst propertyKey = String(value);\n\tif (!isSafeObjectProperty(propertyKey)) {\n\t\tthrow new ExpressionError(`Cannot access \""${propertyKey}\"" due to security concerns`);\n\t}\n\treturn propertyKey;\n};"", ""desc"": ""sanitizer 函数以模块导出的形式在此处定义，与 critical_operation 所指代的是同一份实现：对每次属性访问传入的键名执行 isSafeObjectProperty 检查，一旦检测到 constructor 等敏感名称即抛出异常。在调用栈最下游，此处是 extendSyntax 在 AST 改写时插入的调用点在运行时最终解析到的目标函数体；若调用链任意一环（如 __sanitize 名称被局部声明遮蔽）切断了对此函数的引用，则后续所有属性访问均不再经过安全校验。"", ""file"": ""packages/workflow/src/expression-sandboxing.ts"", ""line"": ""330-336""}]",,,,"[{""code"": ""\tresolveSimpleParameterValue("", ""desc"": ""resolveSimpleParameterValue 是节点参数求值的顶层入口方法，接收用户在工作流节点配置中填入的原始表达式字符串 parameterValue，随后在方法体内初始化沙箱数据上下文并注入保护变量。在漏洞链路中，此处是用户可控输入进入求值管线的第一个关口，with 语句绕过与保留变量遮蔽两条攻击路径均从此方法的参数入口向下游扩散。"", ""file"": ""packages/workflow/src/expression.ts"", ""line"": 368}, {""file"": ""packages/workflow/src/expression.ts"", ""line"": ""434-438"", ""code"": ""\t\tObject.defineProperty(data, sanitizerName, {\n\t\t\tvalue: sanitizer,\n\t\t\twritable: false,\n\t\t\tconfigurable: false,\n\t\t});"", ""desc"": ""?????? Object.defineProperty ? sanitizer ??? data ??????????????????????????????????? AST ????????????? evaluateExpression ?????????""}, {""file"": ""packages/workflow/src/expression.ts"", ""line"": ""452-453"", ""code"": ""\t\tconst extendedExpression = extendSyntax(parameterValue);\n\t\tconst returnValue = this.renderExpression(extendedExpression, data);"", ""desc"": ""extendSyntax ??????? AST ?????????????? renderExpression ??????????????????????????????????""}, {""file"": ""packages/workflow/src/expression-sandboxing.ts"", ""line"": ""11-12"", ""code"": ""export const sanitizerName = '__sanitize';\nconst sanitizerIdentifier = b.identifier(sanitizerName);"", ""desc"": ""sanitizerName ??? '__sanitize'?AST ??????????????????????????????????????????????????????????""}, {""file"": ""packages/workflow/src/expression-sandboxing.ts"", ""line"": ""330-336"", ""code"": ""export const sanitizer = (value: unknown): unknown => {\n\tconst propertyKey = String(value);\n\tif (!isSafeObjectProperty(propertyKey)) {\n\t\tthrow new ExpressionError(`Cannot access \""${propertyKey}\"" due to security concerns`);\n\t}\n\treturn propertyKey;\n};"", ""desc"": ""sanitizer ???????????????????????????????????????????????????????????????????""}, {""file"": ""packages/workflow/src/expression.ts"", ""line"": ""470-472"", ""code"": ""\tprivate renderExpression(expression: string, data: IWorkflowDataProxyData) {\n\t\ttry {\n\t\t\treturn evaluateExpression(expression, data);"", ""desc"": ""renderExpression ?????????????????????? evaluateExpression ??????????????????????????????????""}]",,?? sanitizer ?????????????????????????
entry-00103,entry_point,packages/cli/src/webhooks/webhook-helpers.ts,615,		},webhook-helpers.ts 第 615 行是 streaming 分支代码块的结束边界，标志着 res 对象已被完整写入 runData.httpResponse 并将 didSendResponse 置为 true。此时响应对象携带的 content-type 值——包括任何首尾空白字符——已无条件进入后续处理流程，构成污染链路的起始入口；任何对该头部值的校验缺失均会在下游持续传播。,packages/cli/src/webhooks/webhook-request-handler.ts,149,"				res.setHeader(name, value);",setResponseHeaders ???????????????? name/value ???? Express response????????????? Content-Type ?????????????????? CSP sandbox ????????????,????????????????????res.setHeader ????? Content-Type ??????????
entry-00103,trace,,,"[{""code"": ""\t\t}"", ""desc"": ""trace 链路的第 0 节点，以 webhook-helpers.ts 第 615 行的代码块闭合边界为锚点，代表 streaming 分支执行完毕后 runData 已持有 res 引用的起始状态。从此节点出发，调用栈向下游依次流经 setResponseHeaders() 与 isHtmlRenderedContentType()，是整条调用链的起始锚定点。"", ""file"": ""packages/cli/src/webhooks/webhook-helpers.ts"", ""line"": 615}, {""code"": ""\n\t\tif (responseMode === 'streaming') {\n\t\t\tContainer.get(Logger).debug(\n\t\t\t\t`Execution of workflow \""${workflow.name}\"" from with ID ${executionId} is set to streaming`,\n\t\t\t\t{ executionId },\n\t\t\t);\n\t\t\t// TODO: Add check for streaming nodes here\n\t\t\trunData.httpResponse = res;\n\t\t\trunData.streamingEnabled = true;\n\t\t\tdidSendResponse = true;"", ""desc"": ""trace 第 1 步，位于 webhook-helpers.ts 第 605–614 行的 streaming 分支体内：responseMode 为 'streaming' 时，runData.httpResponse 被直接赋值为 res，runData.streamingEnabled 置为 true，didSendResponse 标记设为已响应。随后调用栈下游的 setResponseHeaders() 将以此 res 对象为操作目标，对用户指定的 headers 进行写入与读回。"", ""file"": ""packages/cli/src/webhooks/webhook-helpers.ts"", ""line"": ""605-614""}, {""code"": ""\tprivate setResponseHeaders(res: express.Response, headers?: WebhookResponseHeaders) {\n\t\tif (headers) {\n\t\t\tfor (const [name, value] of headers.entries()) {\n\t\t\t\tres.setHeader(name, value);\n\t\t\t}\n\t\t}\n\n\t\tconst contentType = res.getHeader('content-type') as string | undefined;\n\t\tconst needsSandbox = !contentType || isHtmlRenderedContentType(contentType);"", ""desc"": ""trace 第 2 步，setResponseHeaders() 位于 webhook-request-handler.ts 第 146–155 行，承接来自上游的 res 对象，将用户工作流指定的 headers 逐条通过 res.setHeader() 写入响应——含潜在首尾空白的 content-type 于此被设置。随后函数读回 content-type 头的当前值并调用 isHtmlRenderedContentType(contentType)，needsSandbox 的布尔结果决定是否追加 CSP sandbox 头，污染值由此传入检测函数。"", ""file"": ""packages/cli/src/webhooks/webhook-request-handler.ts"", ""line"": ""146-155""}, {""code"": ""export const isHtmlRenderedContentType = (contentType: string) => {\n\tconst contentTypeLower = contentType.toLowerCase();\n\n\treturn (\n\t\t// The content-type can also contain a charset, e.g. \""text/html; charset=utf-8\""\n\t\tcontentTypeLower.startsWith('text/html') || contentTypeLower.startsWith('application/xhtml+xml')\n\t);"", ""desc"": ""trace 第 3 步也是调用链终点，isHtmlRenderedContentType() 函数体位于 html-sandbox.ts 第 19–25 行，接收由 setResponseHeaders() 传入的 contentType 字符串。函数仅调用 toLowerCase() 生成 contentTypeLower，随即对 'text/html' 与 'application/xhtml+xml' 做 startsWith 前缀匹配。由于缺少 trim() 预处理，含首尾空白的 contentType 在大小写转换后仍无法通过前缀匹配，函数返回 false，上游 needsSandbox 判定失效，CSP 保护头被跳过。"", ""file"": ""packages/core/src/html-sandbox.ts"", ""line"": ""19-25""}]",,,,"[{""file"": ""packages/cli/src/webhooks/webhook-request-handler.ts"", ""line"": 149, ""code"": ""\t\t\t\tres.setHeader(name, value);"", ""desc"": ""setResponseHeaders ???????????????? name/value ???? Express response????????????? Content-Type ?????????????????? CSP sandbox ????????????""}, {""file"": ""packages/cli/src/webhooks/webhook-request-handler.ts"", ""line"": ""153-154"", ""code"": ""\t\tconst contentType = res.getHeader('content-type') as string | undefined;\n\t\tconst needsSandbox = !contentType || isHtmlRenderedContentType(contentType);"", ""desc"": ""????? response ?? content-type??????? isHtmlRenderedContentType ?????? CSP sandbox??????????????????????????""}, {""file"": ""packages/core/src/html-sandbox.ts"", ""line"": ""19-25"", ""code"": ""export const isHtmlRenderedContentType = (contentType: string) => {\n\tconst contentTypeLower = contentType.toLowerCase();\n\n\treturn (\n\t\t// The content-type can also contain a charset, e.g. \""text/html; charset=utf-8\""\n\t\tcontentTypeLower.startsWith('text/html') || contentTypeLower.startsWith('application/xhtml+xml')\n\t);"", ""desc"": ""isHtmlRenderedContentType ??? toLowerCase???? trim??? ' text/html' ??????????????? startsWith('text/html')?????????? CSP sandbox??? XSS/CSP ???""}]",,???? streaming ????? header ?????? content-type ???????
entry-00176,critical_operation,packages/@n8n/task-runner-python/src/constants.py,126,BLOCKED_ATTRIBUTES = {,BLOCKED_ATTRIBUTES 是 constants.py 中定义的静态属性名集合，供 visit_Attribute 在 AST 遍历时作为唯一拦截依据。集合包含 __subclasses__、__globals__、__builtins__ 等已知危险属性，但未将 __objclass__ 纳入其中；这一遗漏使对 slot wrapper 方法属性的访问无法被 AST 层拦截，是整条逃逸链路得以建立的根本缺口。,packages/@n8n/task-runner-python/src/task_executor.py,213,"            exec(compiled_code, globals)",TaskExecutor ??????? Python ?????????? compiled_code?AST ?????? __objclass__ ????????? validate ??????? exec ?????????????????????????????????? trace ??,"BLOCKED_ATTRIBUTES ????????????????exec(compiled_code, globals) ? Python ??????????"
entry-00176,trace,,,"[{""code"": ""\t\t\tconst code = this.getNodeParameter(codeParameterName, 0) as string;"", ""desc"": ""getNodeParameter 从节点执行上下文读取 codeParameterName 对应的参数值，将原始 Python 脚本字符串赋给局部变量 code，完成从外部用户输入（caller 侧）流向沙箱构造阶段（callee 侧）的第一段数据传递。此步骤为后续 PythonTaskRunnerSandbox 接收代码字符串奠定基础，是整个漏洞利用链路的起点。"", ""file"": ""packages/nodes-base/nodes/Code/Code.node.ts"", ""line"": 206}, {""code"": ""\t\t\tconst sandbox = new PythonTaskRunnerSandbox(code, nodeMode, workflowMode, this);"", ""desc"": ""随后，PythonTaskRunnerSandbox 构造函数将 code 字符串连同 nodeMode、workflowMode 和节点上下文打包，从 Code.node.ts 执行方法（caller）流向 PythonTaskRunnerSandbox 初始化逻辑（callee）。恶意代码字符串至此封装进任务参数结构，等待 runUsingIncomingItems 触发跨进程提交，推进漏洞链路向 Python 运行时一侧延伸。"", ""file"": ""packages/nodes-base/nodes/Code/Code.node.ts"", ""line"": 207}, {""code"": ""\t\t\treturn [await sandbox.runUsingIncomingItems()];"", ""desc"": ""在调用栈下游，sandbox.runUsingIncomingItems 由 Code.node.ts 执行方法（caller）触发，将封装好的代码任务连同当前输入项提交给底层 Task Runner（callee），完成从 TypeScript 节点层到 Python 子进程层的跨层异步调度。此调用是恶意代码字符串离开上层框架进入 Python 运行时沙箱前的关键转发点，执行流进一步流向静态分析阶段。"", ""file"": ""packages/nodes-base/nodes/Code/Code.node.ts"", ""line"": 209}, {""code"": ""\t\tconst executionResult = await this.executeFunctions.startJob<INodeExecutionData[]>(\n\t\t\t'python',\n\t\t\ttaskSettings,\n\t\t\titemIndex,"", ""desc"": ""随后，startJob 携带任务类型标识 python 及含原始代码字符串的 taskSettings，从 PythonTaskRunnerSandbox（caller）流向底层 Task Runner 的作业调度接口（callee），触发跨进程 Python 任务投递。taskSettings 中的代码字符串就此进入 Python 子进程侧接收队列，为 task_runner.py 的 validate 调用提供输入，推动执行流向 AST 静态分析阶段。"", ""file"": ""packages/nodes-base/nodes/Code/PythonTaskRunnerSandbox.ts"", ""line"": ""62-65""}, {""code"": ""            self.analyzer.validate(task_settings.code)"", ""desc"": ""在调用栈下游，self.analyzer.validate 由 TaskRunner（caller）调用，将 task_settings.code 传入 TaskAnalyzer（callee）执行 AST 静态分析；validate 遍历代码语法树中所有属性访问节点并与 BLOCKED_ATTRIBUTES 逐一比对。由于 __objclass__ 不在集合内，含该属性访问的代码将通过此检查，沙箱 AST 防线对这条路径静默放行。"", ""file"": ""packages/@n8n/task-runner-python/src/task_runner.py"", ""line"": 321}, {""code"": ""    def visit_Attribute(self, node: ast.Attribute) -> None:\n        \""\""\""Detect access to unsafe attributes that could bypass security restrictions.\""\""\""\n\n        if node.attr in BLOCKED_ATTRIBUTES:\n            self._add_violation(\n                node.lineno, ERROR_DANGEROUS_ATTRIBUTE.format(attr=node.attr)\n            )"", ""desc"": ""随后，visit_Attribute 作为 AST 节点访问器，由 TaskAnalyzer 的语法树遍历（caller）针对每个 ast.Attribute 节点（callee）调用；提取 node.attr 后执行 BLOCKED_ATTRIBUTES 成员测试，命中则记录违规，未命中则放行。进一步地，__objclass__ 不在集合内，携带该属性访问的节点不会触发任何违规记录，AST 层对此逃逸路径全程静默放行。"", ""file"": ""packages/@n8n/task-runner-python/src/task_analyzer.py"", ""line"": ""63-69""}, {""code"": ""BLOCKED_ATTRIBUTES = {\n    # runtime attributes\n    \""__subclasses__\"",\n    \""__globals__\"",\n    \""__builtins__\"",\n    \""__traceback__\"",\n    \""tb_frame\"",\n    \""tb_next\"",\n    \""f_back\"",\n    \""f_globals\"","", ""desc"": ""在调用栈下游，BLOCKED_ATTRIBUTES 的完整定义由 constants.py（caller）提供给 visit_Attribute（callee）作为静态数据源；集合收录了 __subclasses__、__globals__、__builtins__、tb_frame 等运行时危险属性，但未将 __objclass__ 列入。正是这一遗漏使 visit_Attribute 对含 __objclass__ 访问的代码无法产生违规记录，允许携带此属性访问的脚本通过 AST 校验进入运行时，构成整条逃逸链路的根本缺口。"", ""file"": ""packages/@n8n/task-runner-python/src/constants.py"", ""line"": ""126-135""}]",,,,"[{""code"": ""\t\t\tconst code = this.getNodeParameter(codeParameterName, 0) as string;"", ""desc"": ""getNodeParameter 从节点执行上下文读取 codeParameterName 对应的参数值，将原始 Python 脚本字符串赋给局部变量 code，完成从外部用户输入（caller 侧）流向沙箱构造阶段（callee 侧）的第一段数据传递。此步骤为后续 PythonTaskRunnerSandbox 接收代码字符串奠定基础，是整个漏洞利用链路的起点。"", ""file"": ""packages/nodes-base/nodes/Code/Code.node.ts"", ""line"": 206}, {""code"": ""\t\t\tconst sandbox = new PythonTaskRunnerSandbox(code, nodeMode, workflowMode, this);"", ""desc"": ""随后，PythonTaskRunnerSandbox 构造函数将 code 字符串连同 nodeMode、workflowMode 和节点上下文打包，从 Code.node.ts 执行方法（caller）流向 PythonTaskRunnerSandbox 初始化逻辑（callee）。恶意代码字符串至此封装进任务参数结构，等待 runUsingIncomingItems 触发跨进程提交，推进漏洞链路向 Python 运行时一侧延伸。"", ""file"": ""packages/nodes-base/nodes/Code/Code.node.ts"", ""line"": 207}, {""code"": ""\t\t\treturn [await sandbox.runUsingIncomingItems()];"", ""desc"": ""在调用栈下游，sandbox.runUsingIncomingItems 由 Code.node.ts 执行方法（caller）触发，将封装好的代码任务连同当前输入项提交给底层 Task Runner（callee），完成从 TypeScript 节点层到 Python 子进程层的跨层异步调度。此调用是恶意代码字符串离开上层框架进入 Python 运行时沙箱前的关键转发点，执行流进一步流向静态分析阶段。"", ""file"": ""packages/nodes-base/nodes/Code/Code.node.ts"", ""line"": 209}, {""code"": ""\t\tconst executionResult = await this.executeFunctions.startJob<INodeExecutionData[]>(\n\t\t\t'python',\n\t\t\ttaskSettings,\n\t\t\titemIndex,"", ""desc"": ""随后，startJob 携带任务类型标识 python 及含原始代码字符串的 taskSettings，从 PythonTaskRunnerSandbox（caller）流向底层 Task Runner 的作业调度接口（callee），触发跨进程 Python 任务投递。taskSettings 中的代码字符串就此进入 Python 子进程侧接收队列，为 task_runner.py 的 validate 调用提供输入，推动执行流向 AST 静态分析阶段。"", ""file"": ""packages/nodes-base/nodes/Code/PythonTaskRunnerSandbox.ts"", ""line"": ""62-65""}, {""code"": ""            self.analyzer.validate(task_settings.code)"", ""desc"": ""在调用栈下游，self.analyzer.validate 由 TaskRunner（caller）调用，将 task_settings.code 传入 TaskAnalyzer（callee）执行 AST 静态分析；validate 遍历代码语法树中所有属性访问节点并与 BLOCKED_ATTRIBUTES 逐一比对。由于 __objclass__ 不在集合内，含该属性访问的代码将通过此检查，沙箱 AST 防线对这条路径静默放行。"", ""file"": ""packages/@n8n/task-runner-python/src/task_runner.py"", ""line"": 321}, {""code"": ""    def visit_Attribute(self, node: ast.Attribute) -> None:\n        \""\""\""Detect access to unsafe attributes that could bypass security restrictions.\""\""\""\n\n        if node.attr in BLOCKED_ATTRIBUTES:\n            self._add_violation(\n                node.lineno, ERROR_DANGEROUS_ATTRIBUTE.format(attr=node.attr)\n            )"", ""desc"": ""随后，visit_Attribute 作为 AST 节点访问器，由 TaskAnalyzer 的语法树遍历（caller）针对每个 ast.Attribute 节点（callee）调用；提取 node.attr 后执行 BLOCKED_ATTRIBUTES 成员测试，命中则记录违规，未命中则放行。进一步地，__objclass__ 不在集合内，携带该属性访问的节点不会触发任何违规记录，AST 层对此逃逸路径全程静默放行。"", ""file"": ""packages/@n8n/task-runner-python/src/task_analyzer.py"", ""line"": ""63-69""}, {""code"": ""BLOCKED_ATTRIBUTES = {\n    # runtime attributes\n    \""__subclasses__\"",\n    \""__globals__\"",\n    \""__builtins__\"",\n    \""__traceback__\"",\n    \""tb_frame\"",\n    \""tb_next\"",\n    \""f_back\"",\n    \""f_globals\"","", ""desc"": ""BLOCKED_ATTRIBUTES ???? trace ??????????? __objclass__?? visit_Attribute ????????????????????????? critical_operation?"", ""file"": ""packages/@n8n/task-runner-python/src/constants.py"", ""line"": ""126-135""}, {""file"": ""packages/@n8n/task-runner-python/src/task_runner.py"", ""line"": ""323-329"", ""code"": ""            process, read_conn, write_conn = self.executor.create_process(\n                code=task_settings.code,\n                node_mode=task_settings.node_mode,\n                items=task_settings.items,\n                security_config=self.security_config,\n                query=task_settings.query,\n            )"", ""desc"": ""validate ????TaskRunner ? task_settings.code ?? executor ?? Python ???????????????????????????????????????????????""}, {""file"": ""packages/@n8n/task-runner-python/src/task_executor.py"", ""line"": ""203-213"", ""code"": ""            wrapped_code = TaskExecutor._wrap_code(raw_code)\n            compiled_code = compile(wrapped_code, EXECUTOR_ALL_ITEMS_FILENAME, \""exec\"")\n\n            globals = {\n                \""__builtins__\"": TaskExecutor._filter_builtins(security_config),\n                \""_items\"": items,\n                \""_query\"": query,\n                \""print\"": TaskExecutor._create_custom_print(print_args),\n            }\n\n            exec(compiled_code, globals)"", ""desc"": ""TaskExecutor ? raw_code ????????? globals ?????? __objclass__ ??????? AST ?????????????????? Python ???""}]",,????????????????? create_process ? exec ?????
entry-00511,entry_point,packages/workflow/src/expression.ts,485,		data.extend = extend;,"The extend helper is assigned to the sandbox data context here, becoming callable from any user-supplied expression in this scope. This is the exploit chain's origin: extend is exposed with no functionName validation at this boundary, so an attacker may pass any string including 'constructor' as the function name, enabling the downstream path to the Function constructor.",packages/workflow/src/expression.ts,451-455,"	resolveSimpleParameterValue(
		parameterValue: NodeParameterValue,
		data: IWorkflowDataProxyData,
		returnObjectAsString = false,
	): NodeParameterValue | INodeParameters | NodeParameterValue[] | INodeParameters[] {",resolveSimpleParameterValue ??????????? parameterValue????????????? VM ??????????? helper ??????????????????????????,data.extend = extend ? helper ????????????resolveSimpleParameterValue ?????????????
entry-00511,trace,,,"[{""code"": ""\t\t// expression extensions\n\t\tdata.extend = extend;\n\t\tdata.extendOptional = extendOptional;\n\n\t\tObject.defineProperty(data, sanitizerName, {\n\t\t\tvalue: sanitizer,\n\t\t\twritable: false,\n\t\t\tconfigurable: false,\n\t\t});"", ""desc"": ""At this caller-side setup step, the expression engine places extend and extendOptional onto the sandbox data object. The sanitizer is protected via Object.defineProperty, but extend is a plain writable assignment with no functionName guard, establishing the root exposure that subsequently propagates through the runtime re-injection and reaches findExtendedFunction unchanged."", ""file"": ""packages/workflow/src/expression.ts"", ""line"": ""484-492""}, {""code"": ""\t\tconst constructorValidation = new RegExp(/\\.\\s*constructor/gm);\n\t\tif (parameterValue.match(constructorValidation)) {\n\t\t\tthrow new ExpressionError('Expression contains invalid constructor function call', {\n\t\t\t\tcauseDetailed: 'Constructor override attempt is not allowed due to security concerns',\n\t\t\t\trunIndex: data.$thisRunIndex,\n\t\t\t\titemIndex: data.$thisItemIndex,\n\t\t\t});\n\t\t}"", ""desc"": ""Downstream from the injection block, this pre-evaluation guard tests the raw expression string for a literal dot-constructor pattern. The extend-based attack bypasses it because passing 'constructor' as a string argument to extend() generates no dot-accessor syntax in the source; the regex never matches, the error is not raised, and execution continues to the runtime layer unimpeded."", ""file"": ""packages/workflow/src/expression.ts"", ""line"": ""496-503""}, {""code"": ""export const ThisSanitizer: ASTBeforeHook = (ast, dataNode) => {"", ""desc"": ""ThisSanitizer is the AST before-hook that rewrites member expressions to neutralize dangerous this-binding. It operates on AST node types, not on the string values of function arguments, so an extend call with 'constructor' as functionName passes through without any rewrite. The unsafe argument is forwarded intact to the VM runtime, bypassing this defense layer entirely."", ""file"": ""packages/workflow/src/expression-sandboxing.ts"", ""line"": 137}, {""code"": ""\tglobalThis.__data.extend = extend;\n\tglobalThis.__data.extendOptional = extendOptional;"", ""desc"": ""Inside the VM context, extend and extendOptional are re-injected onto globalThis.__data, mirroring the host-side setup from expression.ts. This ensures both callables remain reachable when user expressions execute within the isolated V8 environment. No validation is added at this re-injection point, so the unguarded functionName path to findExtendedFunction is fully preserved inside the sandbox."", ""file"": ""packages/@n8n/expression-runtime/src/runtime/reset.ts"", ""line"": ""167-168""}, {""code"": ""export function extend(input: unknown, functionName: string, args: unknown[]) {\n\tconst foundFunction = findExtendedFunction(input, functionName);"", ""desc"": ""The exported extend function marks the caller-to-callee boundary where a user expression enters the dispatch logic. functionName arrives as an unconstrained plain string with no denylist check. The call immediately delegates to findExtendedFunction, which then traverses typed extension branches and, finding no match for 'constructor', falls through to the native property access path."", ""file"": ""packages/@n8n/expression-runtime/src/extensions/extend.ts"", ""line"": ""105-106""}, {""code"": ""\t\tconst inputAny: any = input;\n\t\t// This is likely a builtin we're implementing for another type\n\t\t// (e.g. toLocaleString). We'll return that instead\n\t\tif (inputAny && functionName && typeof inputAny[functionName] === 'function') {\n\t\t\t// eslint-disable-next-line @typescript-eslint/no-unsafe-assignment\n\t\t\treturn { type: 'native', function: inputAny[functionName] };\n\t\t}"", ""desc"": ""This block is the final callee step of the call stack descent from user expression through extend to findExtendedFunction. After all typed branches fail, inputAny[functionName] is read without filtering. For functionName 'constructor' on a function value, this yields the Function constructor, returned upstream and then invoked with attacker-controlled arguments to execute arbitrary code."", ""file"": ""packages/@n8n/expression-runtime/src/extensions/extend.ts"", ""line"": ""79-85""}]",,,,"[{""file"": ""packages/workflow/src/expression.ts"", ""line"": ""451-455"", ""code"": ""\tresolveSimpleParameterValue(\n\t\tparameterValue: NodeParameterValue,\n\t\tdata: IWorkflowDataProxyData,\n\t\treturnObjectAsString = false,\n\t): NodeParameterValue | INodeParameters | NodeParameterValue[] | INodeParameters[] {"", ""desc"": ""resolveSimpleParameterValue ??????????? parameterValue????????????? VM ??????????? helper ??????????????????????????""}, {""file"": ""packages/workflow/src/expression.ts"", ""line"": ""456-465"", ""code"": ""\t\t// Check if it is an expression\n\t\tif (!isExpression(parameterValue)) {\n\t\t\t// Is no expression so return value\n\t\t\treturn parameterValue;\n\t\t}\n\n\t\t// Is an expression\n\n\t\t// Remove the equal sign\n\t\tparameterValue = parameterValue.substr(1);"", ""desc"": ""??????????????????????? extend ? __sanitize ????????????""}, {""file"": ""packages/workflow/src/expression.ts"", ""line"": ""484-492"", ""code"": ""\t\t// expression extensions\n\t\tdata.extend = extend;\n\t\tdata.extendOptional = extendOptional;\n\n\t\tObject.defineProperty(data, sanitizerName, {\n\t\t\tvalue: sanitizer,\n\t\t\twritable: false,\n\t\t\tconfigurable: false,\n\t\t});"", ""desc"": ""???? extend/extendOptional ???????????????? sanitizer?extend ??????? helper?functionName ????????????????? constructor?""}, {""file"": ""packages/workflow/src/expression.ts"", ""line"": ""496-503"", ""code"": ""\t\tconst constructorValidation = new RegExp(/\\.\\s*constructor/gm);\n\t\tif (parameterValue.match(constructorValidation)) {\n\t\t\tthrow new ExpressionError('Expression contains invalid constructor function call', {\n\t\t\t\tcauseDetailed: 'Constructor override attempt is not allowed due to security concerns',\n\t\t\t\trunIndex: data.$thisRunIndex,\n\t\t\t\titemIndex: data.$thisItemIndex,\n\t\t\t});\n\t\t}"", ""desc"": ""???????????? constructor ???extend(value, 'constructor', ...) ????????? constructor???? .constructor ??????????????""}, {""file"": ""packages/workflow/src/expression.ts"", ""line"": ""506-507"", ""code"": ""\t\tconst extendedExpression = extendSyntax(parameterValue);\n\t\tconst returnValue = this.renderExpression(extendedExpression, data);"", ""desc"": ""???? extendSyntax ????? renderExpression???? host ????????? VM ????????""}, {""file"": ""packages/workflow/src/expression.ts"", ""line"": ""524-535"", ""code"": ""\tprivate renderExpression(expression: string, data: IWorkflowDataProxyData) {\n\t\t// Use VM evaluator if engine is set to 'vm' and we're not in the browser\n\t\tif (Expression.expressionEngine === 'vm' && !IS_FRONTEND) {\n\t\t\tif (!Expression.vmEvaluator) {\n\t\t\t\tthrow new UnexpectedError(\n\t\t\t\t\t'N8N_EXPRESSION_ENGINE=vm is enabled but VM evaluator is not initialized. Call Expression.initializeVmEvaluator() during application startup.',\n\t\t\t\t);\n\t\t\t}\n\n\t\t\ttry {\n\t\t\t\tconst result = Expression.vmEvaluator.evaluate(expression, data, {\n\t\t\t\t\ttimezone: this.timezone,"", ""desc"": ""renderExpression ?????? VM evaluator??????? data ???????????????????? VM runtime ?????????""}, {""file"": ""packages/@n8n/expression-runtime/src/runtime/reset.ts"", ""line"": ""167-168"", ""code"": ""\tglobalThis.__data.extend = extend;\n\tglobalThis.__data.extendOptional = extendOptional;"", ""desc"": ""VM reset ????? extend/extendOptional ?? __data?????????????????? helper??????? functionName ???extend ?????????""}, {""file"": ""packages/@n8n/expression-runtime/src/extensions/extend.ts"", ""line"": ""105-106"", ""code"": ""export function extend(input: unknown, functionName: string, args: unknown[]) {\n\tconst foundFunction = findExtendedFunction(input, functionName);"", ""desc"": ""??????? extend ??functionName ????????? findExtendedFunction???????? constructor ???????""}, {""file"": ""packages/@n8n/expression-runtime/src/extensions/extend.ts"", ""line"": ""82-84"", ""code"": ""\t\tif (inputAny && functionName && typeof inputAny[functionName] === 'function') {\n\t\t\t// eslint-disable-next-line @typescript-eslint/no-unsafe-assignment\n\t\t\treturn { type: 'native', function: inputAny[functionName] };"", ""desc"": ""findExtendedFunction ????????????? inputAny[functionName]?? functionName ? 'constructor' ? input ??????????? Function constructor??? VM ?????????????""}]",,???????helper ????????VM ???extend ??? native fallback ?????
entry-00512,entry_point,packages/workflow/src/expression.ts,524,"	private renderExpression(expression: string, data: IWorkflowDataProxyData) {",renderExpression 接收工作流节点参数中外部可控的 expression 字符串，通过内部 evaluate 调用将其送入 VM 沙箱求值，是整条表达式求值链的宿主层入口。该方法触发后使 PrototypeSanitizer 的 AST 改写与 reset.ts 中 __sanitize 的初始化进入激活状态，入口处未对载荷内容施加任何预过滤。,packages/workflow/src/expression.ts,451-455,"	resolveSimpleParameterValue(
		parameterValue: NodeParameterValue,
		data: IWorkflowDataProxyData,
		returnObjectAsString = false,
	): NodeParameterValue | INodeParameters | NodeParameterValue[] | INodeParameters[] {",resolveSimpleParameterValue ??????????? parameterValue????????????? VM ??????????? helper ??????????????????????????,renderExpression ???? VM ??????resolveSimpleParameterValue ??????????????
entry-00512,critical_operation,packages/@n8n/expression-runtime/src/runtime/reset.ts,46,	globalThis.__data.__sanitize = __sanitize;,globalThis.__data.__sanitize = __sanitize 以普通赋值向 __data 写入 sanitize 钩子，缺少 Object.defineProperty 的不可写约束，致使该属性在沙箱内表达式执行期间仍可被覆写为恒等函数。PrototypeSanitizer 编译期在每处计算属性访问点插入的 sanitizer 调用均绑定于此槽位，槽位失守后动态属性过滤在运行期全链失效，这是路径 B 的根本缺陷所在。,packages/@n8n/expression-runtime/src/runtime/reset.ts,46,	globalThis.__data.__sanitize = __sanitize;,reset.ts ?????? __sanitize ?? globalThis.__data?????????????????PrototypeSanitizer ????????????????????????????????? sanitizer ???????,?? reset.ts ??? __sanitize ???????????????????????????
entry-00512,trace,,,"[{""code"": ""\tprivate renderExpression(expression: string, data: IWorkflowDataProxyData) {"", ""desc"": ""renderExpression 是调用链从宿主层进入沙箱的起始段，从外部 caller 接收 expression 字符串后调用 evaluate，将控制流传递至 VM 沙箱内部的 callee；随后 PrototypeSanitizer 的编译期 AST 变换以此次触发为前提，执行路径再向下游延伸至 reset.ts 中 __sanitize 的初始化赋值，构成整条防护链的入口环节。"", ""file"": ""packages/workflow/src/expression.ts"", ""line"": 524}, {""code"": ""\t\t\t\tpath.replace(\n\t\t\t\t\tb.memberExpression(\n\t\t\t\t\t\t// eslint-disable-next-line @typescript-eslint/no-unsafe-argument, @typescript-eslint/no-explicit-any\n\t\t\t\t\t\tnode.object as any,\n\t\t\t\t\t\t// eslint-disable-next-line @typescript-eslint/no-unsafe-argument\n\t\t\t\t\t\tb.callExpression(b.memberExpression(dataNode, sanitizerIdentifier), [\n\t\t\t\t\t\t\t// eslint-disable-next-line @typescript-eslint/no-explicit-any\n\t\t\t\t\t\t\tnode.property as any,\n\t\t\t\t\t\t]),\n\t\t\t\t\t\ttrue,"", ""desc"": ""PrototypeSanitizer 的 path.replace 处于调用链中间段，承接 renderExpression 触发的 AST 编译阶段控制流：将计算成员表达式逐一改写为 obj[this.__sanitize(expr)] 调用形式，在编译期将运行时过滤点嵌入每处动态属性访问，并将防护责任传递至下游 reset.ts 的 __sanitize 槽位。随后执行路径进入运行时初始化，改写节点所绑定的槽位是否具备不可变约束，决定该层防护在运行期能否成立。"", ""file"": ""packages/workflow/src/expression-sandboxing.ts"", ""line"": ""493-502""}, {""code"": ""\tglobalThis.__data.__sanitize = __sanitize;"", ""desc"": ""reset.ts L46 位于调用链末段，承接 PrototypeSanitizer 编译期改写所预设的绑定点：以普通赋值将 __sanitize 写入 __data，未设置不可写属性描述符，形成可覆写的运行时过滤槽位。与 critical_operation 指向同一赋值行，在调用链中既是初始化收口，也是沙箱内表达式可触达的缺陷落点——一旦该槽位被替换为恒等函数，上游 PrototypeSanitizer 编译期插入的全部过滤调用随之失效。"", ""file"": ""packages/@n8n/expression-runtime/src/runtime/reset.ts"", ""line"": 46}]",,,,"[{""file"": ""packages/workflow/src/expression.ts"", ""line"": ""451-455"", ""code"": ""\tresolveSimpleParameterValue(\n\t\tparameterValue: NodeParameterValue,\n\t\tdata: IWorkflowDataProxyData,\n\t\treturnObjectAsString = false,\n\t): NodeParameterValue | INodeParameters | NodeParameterValue[] | INodeParameters[] {"", ""desc"": ""resolveSimpleParameterValue ??????????? parameterValue????????????? VM ??????????? helper ??????????????????????????""}, {""file"": ""packages/workflow/src/expression.ts"", ""line"": ""456-465"", ""code"": ""\t\t// Check if it is an expression\n\t\tif (!isExpression(parameterValue)) {\n\t\t\t// Is no expression so return value\n\t\t\treturn parameterValue;\n\t\t}\n\n\t\t// Is an expression\n\n\t\t// Remove the equal sign\n\t\tparameterValue = parameterValue.substr(1);"", ""desc"": ""??????????????????????? extend ? __sanitize ????????????""}, {""file"": ""packages/workflow/src/expression.ts"", ""line"": ""506-507"", ""code"": ""\t\tconst extendedExpression = extendSyntax(parameterValue);\n\t\tconst returnValue = this.renderExpression(extendedExpression, data);"", ""desc"": ""???? extendSyntax ????? renderExpression???? host ????????? VM ????????""}, {""file"": ""packages/workflow/src/expression.ts"", ""line"": ""524-535"", ""code"": ""\tprivate renderExpression(expression: string, data: IWorkflowDataProxyData) {\n\t\t// Use VM evaluator if engine is set to 'vm' and we're not in the browser\n\t\tif (Expression.expressionEngine === 'vm' && !IS_FRONTEND) {\n\t\t\tif (!Expression.vmEvaluator) {\n\t\t\t\tthrow new UnexpectedError(\n\t\t\t\t\t'N8N_EXPRESSION_ENGINE=vm is enabled but VM evaluator is not initialized. Call Expression.initializeVmEvaluator() during application startup.',\n\t\t\t\t);\n\t\t\t}\n\n\t\t\ttry {\n\t\t\t\tconst result = Expression.vmEvaluator.evaluate(expression, data, {\n\t\t\t\t\ttimezone: this.timezone,"", ""desc"": ""renderExpression ?????? VM evaluator??????? data ???????????????????? VM runtime ?????????""}, {""code"": ""\t\t\t\tpath.replace(\n\t\t\t\t\tb.memberExpression(\n\t\t\t\t\t\t// eslint-disable-next-line @typescript-eslint/no-unsafe-argument, @typescript-eslint/no-explicit-any\n\t\t\t\t\t\tnode.object as any,\n\t\t\t\t\t\t// eslint-disable-next-line @typescript-eslint/no-unsafe-argument\n\t\t\t\t\t\tb.callExpression(b.memberExpression(dataNode, sanitizerIdentifier), [\n\t\t\t\t\t\t\t// eslint-disable-next-line @typescript-eslint/no-explicit-any\n\t\t\t\t\t\t\tnode.property as any,\n\t\t\t\t\t\t]),\n\t\t\t\t\t\ttrue,"", ""desc"": ""PrototypeSanitizer 的 path.replace 处于调用链中间段，承接 renderExpression 触发的 AST 编译阶段控制流：将计算成员表达式逐一改写为 obj[this.__sanitize(expr)] 调用形式，在编译期将运行时过滤点嵌入每处动态属性访问，并将防护责任传递至下游 reset.ts 的 __sanitize 槽位。随后执行路径进入运行时初始化，改写节点所绑定的槽位是否具备不可变约束，决定该层防护在运行期能否成立。"", ""file"": ""packages/workflow/src/expression-sandboxing.ts"", ""line"": ""493-502""}, {""code"": ""\tglobalThis.__data.__sanitize = __sanitize;"", ""desc"": ""reset.ts ?????? __sanitize ?? globalThis.__data?????????????????PrototypeSanitizer ????????????????????????????????? sanitizer ???????"", ""file"": ""packages/@n8n/expression-runtime/src/runtime/reset.ts"", ""line"": 46}]",,????????? PrototypeSanitizer ??? __sanitize ????????
